version	8.0.46
table_count	67
routine_count	0
table	account
table	accountcategory
table	accounttotal
table	address
table	agingperiod
table	appaymentdetail
table	appversion
table	bill
table	billdetail
table	billpayment
table	citymunicipality
table	config
table	contact
table	contactphone
table	country
table	creditor
table	creditortype
table	currency
table	customer
table	customeraddress
table	customercontact
table	debtor
table	debtortype
table	discounttype
table	emaillog
table	expensepayment
table	generaljournal
table	generalledger
table	industry
table	inventoryadjustment
table	inventoryadjustmentdetail
table	inventorylocation
table	item
table	item_bak
table	itemcategory
table	journalentry
table	navigationitem
table	payment
table	paymentmode
table	paymentterm
table	receivingreport
table	receivingreportdetail
table	responsibilitycenter
table	responsibilitycenterledger
table	responsibilitycentertype
table	salesinvoice
table	salesinvoicedetail
table	salesinvoicepayment
table	salesreceipt
table	salesreceiptdetail
table	stateprovince
table	stockissuance
table	stockissuancedetail
table	stocktransfer
table	stocktransferdetail
table	subscriptionplan
table	supplier
table	supplieraddress
table	suppliercontact
table	taxrate
table	transactionsequence
table	user
table	userlog
table	userrole
table	usertype
table	voucherconfig
table	vouchercontrolno

